2025-03-31 17:23:08,Intruder Detected
2025-04-01 21:39:51,Intruder Detected
2025-04-01 21:42:38,Intruder Detected
2025-04-01 22:02:54,Intruder Detected
2025-04-01 22:59:19,Intruder Detected
2025-04-01 23:06:08,Intruder Detected
2025-04-01 23:06:58,Intruder Detected
2025-04-01 23:17:32,Intruder Detected
2025-04-01 23:17:41,Intruder Detected
2025-04-01 23:17:52,Intruder Detected
2025-04-01 23:18:01,Intruder Detected
2025-04-01 23:20:36,Intruder Detected
2025-04-01 23:20:45,Intruder Detected
2025-04-01 23:20:54,Intruder Detected
2025-04-01 23:21:03,Intruder Detected
2025-04-01 23:21:12,Intruder Detected
2025-04-02 20:40:34,Intruder Detected
2025-04-02 20:40:43,Intruder Detected
2025-04-02 20:40:52,Intruder Detected
2025-04-02 20:41:01,Intruder Detected
2025-04-02 20:49:04,Intruder Detected
2025-04-02 20:56:47,Intruder Detected
2025-04-02 21:02:37,Intruder Detected
2025-04-02 23:32:27,Intruder Detected
2025-04-02 23:32:34,Intruder Detected
2025-04-02 23:32:43,Intruder Detected
2025-04-02 23:33:04,Intruder Detected
2025-04-02 23:33:11,Intruder Detected
2025-04-02 23:33:19,Intruder Detected
2025-04-02 23:33:42,Intruder Detected
2025-04-02 23:34:09,Intruder Detected
2025-04-02 23:34:15,Intruder Detected
2025-04-02 23:34:30,Intruder Detected
2025-04-02 23:34:35,Intruder Detected
2025-04-02 23:34:41,Intruder Detected
2025-04-02 23:34:46,Intruder Detected
2025-04-02 23:34:54,Intruder Detected
2025-04-02 23:35:00,Intruder Detected
2025-04-02 23:35:07,Intruder Detected
2025-04-02 23:35:12,Intruder Detected
2025-04-02 23:35:17,Intruder Detected
2025-04-03 21:42:46,Intruder Detected
2025-04-03 21:42:55,Intruder Detected
2025-04-03 21:43:15,Intruder Detected
2025-04-04 15:02:55,Intruder Detected
2025-04-04 15:06:43,Intruder Detected
2025-04-04 15:16:34,Intruder Detected
2025-04-04 15:16:52,Intruder Detected
2025-04-04 15:43:25,Intruder Detected
2025-04-25 20:12:41,Intruder Detected
2025-04-25 21:40:28,Intruder Detected
2025-04-25 21:40:36,Intruder Detected
2025-04-25 21:40:42,Intruder Detected
2025-05-08 23:35:05,Intruder Detected
2025-05-08 23:35:08,Intruder Detected
2025-05-08 23:35:21,Intruder Detected
2025-05-08 23:35:28,Intruder Detected
2025-05-08 23:59:08,Intruder Detected
2025-05-08 23:59:12,Intruder Detected
2025-05-08 23:59:15,Intruder Detected
2025-05-08 23:59:18,Intruder Detected
2025-05-08 23:59:21,Intruder Detected
2025-05-08 23:59:24,Intruder Detected
2025-05-08 23:59:27,Intruder Detected
2025-05-08 23:59:31,Intruder Detected
2025-05-08 23:59:34,Intruder Detected
2025-05-08 23:59:37,Intruder Detected
2025-05-08 23:59:40,Intruder Detected
2025-05-09 15:26:55,Intruder Detected
2025-05-09 15:26:59,Intruder Detected
2025-05-09 15:41:47,Intruder Detected
2025-05-09 15:41:50,Intruder Detected
2025-05-09 15:41:53,Intruder Detected
